1,01000000034f0902,,初始勇者服套装/滑翔伞皮肤布料/旅人&士兵剑&盾/卢比
1,01410000035c0902,,龙骨波克相关装备/肉/滑翔伞皮肤布料
1,0105000003580902,,鲁达尼亚*神兽兵装/滑翔伞皮肤布料/劈石剑/钻石
1,01020100001b0002,,黄昏剑/卢比/宝石/星星碎片炸药桶
1,01000000041a0902,,格鲁德王滑翔伞布料
1,0140000003550902,,守护者枪 盾 剑/古代兵装 核心/宝石 箭
1,0100000000040002,,黄昏服套装/旅人剑&盾/滑翔伞皮肤布料/水果/马
1,0100000003530902,,游隼弓/滑翔伞皮肤布料/鱼&肉/骑士&王族之弓/各种箭
1,0100000003990902,,织梦勇者服套装/滑翔伞皮肤布料/骑士&王族枪 剑 双手剑/鱼
1,01000000034c0902,,鬼神服套装/鬼神大剑/滑翔伞皮肤布料/蘑菇
1,01000000034b0902,,时之勇者服套装/大鼓隆之剑/滑翔伞皮肤布料/肉
1,0100000003540902,,马缰绳&马鞍/滑翔伞皮肤布料/月光匕首/蘑菇
1,01000000034e0902,,天空勇者服套装/天空剑/滑翔伞皮肤布料/卢比
1,0100000004180902,,新式英杰服布料/滑翔伞皮肤布料/蘑菇
1,01000000034d0902,,黄昏服套装/旅人剑&盾/滑翔伞皮肤布料/水果/马
1,01030000024f0902,,肉/滑翔伞皮肤布料
1,01070000035a0902,,露塔*神兽兵装/滑翔伞皮肤布料/银鳞之枪/鱼
1,01080000035b0902,,梅德*神兽兵装/滑翔伞皮肤布料/游隼弓/水果 钻石
1,0101010000170002,,希克服套装/滑翔伞皮肤布料/戒心刀/蘑菇
1,0100010000160002,,风之勇者服套装/滑翔伞皮肤布料/海风回旋镖/旅人&士兵剑/鱼
1,0100010003500902,,风之勇者服套装/滑翔伞皮肤布料/海风回旋镖/旅人&士兵剑/鱼
1,0101000003520902,,勇者盾/滑翔伞皮肤布料/星星碎片&宝石/草 果实 胡萝卜
1,0106000003590902,,娜波力斯*神兽兵装/滑翔伞皮肤布料/格鲁德相关装备/肉
1,01000000037c0002,,时之勇者服套装/滑翔伞皮肤布料/骑士&王族枪 剑 双手剑/鱼
1,01010000000e0002,,黄昏弓/滑翔伞皮肤布料/星星碎片&宝石/草 果实 胡萝卜
1,0101000003560902,,太阳盾/滑翔伞皮肤布料/星星碎片&宝石/草 果实 胡萝卜
1,0101030004140902,,滑翔伞皮肤布料/星星碎片&宝石/草 果实 胡萝卜
1,0100000004190902,,塞尔达公主滑翔伞布料
2,0101030004140902,,暂无简介
3,01020100001b0002,,暂无简介
3,01030000024f0902,,暂无简介
3,0101010000170002,,暂无简介
3,0100010000160002,,暂无简介
3,01000000037c0002,,暂无简介
3,01010000000e0002,,暂无简介
4,01000000034f0902,,初始勇者服套装/旅人&士兵剑&盾/卢比
4,01410000035c0902,,新式英杰服布料/滑翔伞皮肤布料/蘑菇
4,0105000003580902,,鲁达尼亚*神兽兵装/劈石剑/钻石
4,01020100001b0002,,黄昏剑/卢比/宝石/星星碎片炸药桶
4,0140000003550902,,龙骨波克相关装备/肉/滑翔伞皮肤布料
4,0100000000040002,,黄昏服套装/旅人剑&盾/水果/马
4,0100000003530902,,游隼弓/鱼&肉/骑士&王族之弓/各种箭
4,0100000003990902,,织梦勇者服套装/骑士&王族枪 剑 双手剑/鱼
4,01000000034c0902,,鬼神服套装/鬼神大剑/士兵&骑士双手剑/蘑菇
4,01000000034b0902,,时之勇者服套装/大鼓隆之剑/肉
4,0100000003540902,,马缰绳&马鞍/月光匕首/蘑菇
4,01000000034e0902,,天空勇者服套装/天空剑/士兵&旅人剑盾/卢比
4,01000000034d0902,,黄昏服套装/旅人剑&盾/水果/马
4,01030000024f0902,,20心林克狼
4,01070000035a0902,,露塔*神兽兵装/银鳞之枪/鱼
4,01080000035b0902,,梅德*神兽兵装/游隼弓/水果 钻石
4,0101010000170002,,希克服套装/戒心刀/蘑菇
4,0100010000160002,,风之勇者服套装/海风回旋镖/旅人&士兵剑/鱼
4,0100010003500902,,风之勇者服套装/海风回旋镖/旅人&士兵剑/鱼
4,0101000003520902,,勇者盾/星星碎片&宝石/草 果实 胡萝卜
4,0106000003590902,,娜波力斯*神兽兵装/格鲁德相关装备/肉
4,01000000037c0002,,时之勇者服套装/骑士&王族枪 剑 双手剑/鱼
4,01010000000e0002,,黄昏弓/星星碎片&宝石/草 果实 胡萝卜
4,0101000003560902,,太阳盾/星星碎片&宝石/草 果实 胡萝卜
4,0101030004140902,,星星碎片&宝石/草 果实 胡萝卜
5,01000000034f0902,,暂无简介
5,01410000035c0902,,暂无简介
5,0105000003580902,,暂无简介
5,01020100001b0002,,暂无简介
5,0140000003550902,,暂无简介
5,0100000000040002,,暂无简介
5,0100000003530902,,暂无简介
5,0100000003990902,,暂无简介
5,01000000034c0902,,暂无简介
5,01000000034b0902,,暂无简介
5,0100000003540902,,暂无简介
5,01000000034e0902,,暂无简介
5,01000000034d0902,,暂无简介
5,01030000024f0902,,暂无简介
5,01070000035a0902,,暂无简介
5,01080000035b0902,,暂无简介
5,0101010000170002,,暂无简介
5,0100010000160002,,暂无简介
5,0100010003500902,,暂无简介
5,0101000003520902,,暂无简介
5,0106000003590902,,暂无简介
5,01000000037c0002,,暂无简介
5,01010000000e0002,,暂无简介
5,0101000003560902,,暂无简介
5,0101030004140902,,暂无简介
6,01410000035c0902,,暂无简介
6,0105000003580902,,暂无简介
6,01020100001b0002,,暂无简介
6,0140000003550902,,暂无简介
6,0100000003530902,,暂无简介
6,01030000024f0902,,暂无简介
6,01070000035a0902,,暂无简介
6,01080000035b0902,,暂无简介
6,0106000003590902,,暂无简介
6,01010000000e0002,,暂无简介
7,01410000035c0902,,暂无简介
7,0105000003580902,,暂无简介
7,01020100001b0002,,暂无简介
7,0140000003550902,,暂无简介
7,01030000024f0902,,暂无简介
7,01070000035a0902,,暂无简介
7,01080000035b0902,,暂无简介
7,0101010000170002,,暂无简介
7,0100010003500902,,暂无简介
7,0106000003590902,,暂无简介
8,35c0000002500a02,,暂无简介
8,35c0000003920a02,,暂无简介
9,0005000003730102,,暂无简介
9,0000000003710102,,暂无简介
9,0002000003720102,,暂无简介
9,000a000303a0ff02,,暂无简介
10,32400000025b0002,,暂无简介
10,3240010003640002,,暂无简介
10,0017000002680102,,暂无简介
10,0005000000140002,,暂无简介
10,0006000000150002,,暂无简介
10,0013000002660102,,暂无简介
10,05810000001c0002,,暂无简介
10,0580000000050002,,暂无简介
10,0015000003670102,,暂无简介
10,0023000003680102,,暂无简介
10,01000000034b0902,,暂无简介
10,0002000000010002,,暂无简介
10,05c0000000060002,,暂无简介
12,08010000025d0402,,暂无简介
12,0800010003820002,,暂无简介
12,0800010004150402,,暂无简介
12,08000200003f0402,,暂无简介
12,08000200036a0402,,暂无简介
12,0800020002600402,,暂无简介
12,08000100003e0402,,暂无简介
12,08000100025f0402,,暂无简介
12,0800010003690402,,暂无简介
12,0800030000400402,,暂无简介
12,08000300036b0402,,暂无简介
12,0800030002610402,,暂无简介
12,08020000025e0402,,暂无简介
12,0804000003770402,,暂无简介
12,08050200041b0402,,暂无简介
12,08050200038f0402,,暂无简介
12,08050100038e0402,,暂无简介
12,0805030003900402,,暂无简介
12,0803000003760402,,暂无简介
12,08060100041c0402,,暂无简介
13,2106000003601202,,暂无简介
13,210b000003a50002,,暂无简介
13,2107000003611202,,暂无简介
13,21080000036f1202,,暂无简介
13,2108000003880002,,暂无简介
13,21050000025a0002,,暂无简介
13,2105010003630002,,暂无简介
13,2101000000180002,,暂无简介
13,2102000000290002,,暂无简介
13,21000000000b0002,,暂无简介
13,21030000002a0002,,暂无简介
13,2104000002520002,,暂无简介
13,2109000003701202,,暂无简介
14,2106000003601202,,暂无简介
14,210b000003a50002,,暂无简介
14,2107000003611202,,暂无简介
14,21080000036f1202,,暂无简介
14,2108000003880002,,暂无简介
14,21050000025a0002,,暂无简介
14,2105010003630002,,暂无简介
14,2101000000180002,,暂无简介
14,2102000000290002,,暂无简介
14,21000000000b0002,,暂无简介
14,21030000002a0002,,暂无简介
14,2104000002520002,,暂无简介
14,2109000003701202,,暂无简介
15,2106000003601202,,暂无简介
15,210b000003a50002,,暂无简介
15,2107000003611202,,暂无简介
15,21080000036f1202,,暂无简介
15,2108000003880002,,暂无简介
15,21050000025a0002,,暂无简介
15,2105010003630002,,暂无简介
15,2101000000180002,,暂无简介
15,2102000000290002,,暂无简介
15,21000000000b0002,,暂无简介
15,21030000002a0002,,暂无简介
15,2104000002520002,,暂无简介
15,2109000003701202,,暂无简介
16,2106000003601202,,暂无简介
16,210b000003a50002,,暂无简介
16,2107000003611202,,暂无简介
16,21080000036f1202,,暂无简介
16,2108000003880002,,暂无简介
16,21050000025a0002,,暂无简介
16,2105010003630002,,暂无简介
16,2101000000180002,,暂无简介
16,2102000000290002,,暂无简介
16,21000000000b0002,,暂无简介
16,21030000002a0002,,暂无简介
16,2104000002520002,,暂无简介
16,2109000003701202,,暂无简介
17,0000000002380602,,暂无简介
17,08010000025d0402,,暂无简介
17,01c1000002440502,,暂无简介
17,01030000024f0902,,暂无简介
17,00800102035d0302,,暂无简介
17,05c0000004121302,,暂无简介
17,0007000002630102,,暂无简介
17,0182010100460502,,暂无简介
17,019d000100ac0502,,暂无简介
17,019f000101110502,,暂无简介
17,0193000101740502,,暂无简介
17,02ea000101d50502,,暂无简介
17,0513000102e70502,,暂无简介
17,028f0101031a0502,,暂无简介
18,38c0000003911602,,暂无简介
19,22420000041f0002,,暂无简介
19,22410000041e0002,,暂无简介
19,22400000002b0002,,暂无简介
20,35c30000036e0a02,,暂无简介
20,35c10000036c0a02,,暂无简介
20,35c0000002500a02,,暂无简介
20,35c0000003920a02,,暂无简介
20,35c20000036d0a02,,暂无简介
21,35c30000036e0a02,,暂无简介
21,35c10000036c0a02,,暂无简介
21,35c0000002500a02,,暂无简介
21,35c0000003920a02,,暂无简介
21,35c20000036d0a02,,暂无简介
22,1f02000000280002,,暂无简介
22,1f00000002540c02,,暂无简介
22,1f01000002550c02,,暂无简介
22,1f400000035e1002,,暂无简介
22,1f03000002570c02,,暂无简介
23,1f02000000280002,,暂无简介
23,1f00000002540c02,,暂无简介
23,1f01000002550c02,,暂无简介
23,1f400000035e1002,,暂无简介
23,1f03000002570c02,,暂无简介
24,1f02000000280002,,暂无简介
24,1f00000002540c02,,暂无简介
24,1f01000002550c02,,暂无简介
24,1f400000035e1002,,暂无简介
24,1f03000002570c02,,暂无简介
25,3340000000320002,,暂无简介
26,0600000000120002,,暂无简介
26,0008000000030002,,暂无简介
26,0580000000050002,,暂无简介
26,0005ff00023a0702,,暂无简介
26,08000100025f0402,,暂无简介
26,1f000000000a0002,,暂无简介
26,00010000000c0002,,暂无简介
26,0188000002410502,,暂无简介
26,0000000000000002,,暂无简介
26,3480000000310002,,暂无简介
26,06400100001e0002,,暂无简介
26,3340000000320002,,暂无简介
26,0002000003720102,,暂无简介
26,06420000035f1102,,暂无简介
26,0004000002620102,,暂无简介
26,05c0000000060002,,暂无简介
26,3200000000300002,,暂无简介
26,000a000000380102,,暂无简介
26,0100010000160002,,暂无简介
26,0180000000080002,,暂无简介
26,00070000001a0002,,暂无简介
26,0003000000020002,,暂无简介
26,0181000100440502,,暂无简介
26,0194000100aa0502,,暂无简介
26,01920001010d0502,,暂无简介
26,019c000101730502,,暂无简介
26,0282000101d60502,,暂无简介
26,04a2000102e80502,,暂无简介
26,0374010103190502,,暂无简介
27,0003010200430302,,暂无简介
27,0001000000350102,,暂无简介
27,0000000003710102,,暂无简介
27,0002010003a70102,,暂无简介
28,01010000000e0002,,暂无简介
29,3480000003791502,,暂无简介
30,3480000003791502,,暂无简介
31,3480000002580002,,暂无简介
32,05c0000004121302,,暂无简介
33,0005000000390102,,暂无简介
33,08010000025d0402,,暂无简介
33,0013000002660102,,暂无简介
33,0008000000030002,,暂无简介
33,01020100001b0002,,暂无简介
33,0003010200410302,,暂无简介
33,0800010003820002,,暂无简介
33,08000200036a0402,,暂无简介
33,0800030000400402,,暂无简介
33,01810100023f0502,,暂无简介
33,0182000002400502,,暂无简介
33,1f000000000a0002,,暂无简介
33,01000000034e0902,,暂无简介
33,00010000000c0002,,暂无简介
33,08020000025e0402,,暂无简介
33,00000000003d0102,,暂无简介
33,22800000002c0002,,暂无简介
33,00020003039dff02,,暂无简介
33,018e000002490502,,暂无简介
33,0004000002620102,,暂无简介
33,05c0000000060002,,暂无简介
33,0101010000170002,,暂无简介
33,000a000000380102,,暂无简介
33,0183000002420502,,暂无简介
33,0101000003520902,,暂无简介
33,05c00100001d0002,,暂无简介
34,3503010002e50f02,,暂无简介
34,35060000040d0f02,,暂无简介
34,35080000040f1802,,暂无简介
34,350b0000042d1802,,暂无简介
34,3501000002e30f02,,暂无简介
34,3500020002e20f02,,暂无简介
34,3500010002e10f02,,暂无简介
34,350a000004111802,,暂无简介
34,350a0100042c1802,,暂无简介
34,3509000004101802,,暂无简介
34,35090100042b1802,,暂无简介
34,3504010002e60f02,,暂无简介
34,3502010002e40f02,,暂无简介
34,35050000040c0f02,,暂无简介
34,35070000040e0f02,,暂无简介
35,35060000040d0f02,,暂无简介
35,35050000040c0f02,,暂无简介
35,35070000040e0f02,,暂无简介
36,1906000000240002,,暂无简介
36,1d01000003750d02,,暂无简介
36,1b92000000250002,,暂无简介
36,1bd7000003860002,,暂无简介
36,1902000003830002,,暂无简介
36,1927000000260002,,暂无简介
36,1ac0000000110002,,暂无简介
36,19960000023d0002,,暂无简介
36,19ac000003850002,,暂无简介
36,1919000000090002,,暂无简介
36,1d000001025c0d02,,暂无简介
36,1907000003840002,,暂无简介
37,3802000103951702,,暂无简介
37,3805000103981702,,暂无简介
37,3803000103961702,,暂无简介
37,3801000103941702,,暂无简介
37,3800000103931702,,暂无简介
37,3804000103971702,,暂无简介
38,3503010002e50f02,,暂无简介
38,3480000000310002,,暂无简介
38,3501000002e30f02,,暂无简介
38,3500010002e10f02,,暂无简介
38,3504010002e60f02,,暂无简介
38,3502010002e40f02,,暂无简介
38,34c0000002530002,,暂无简介
39,3503010002e50f02,,暂无简介
39,3480000000310002,,暂无简介
39,3501000002e30f02,,暂无简介
39,3500010002e10f02,,暂无简介
39,3504010002e60f02,,暂无简介
39,3502010002e40f02,,暂无简介
39,34c0000002530002,,暂无简介
40,35c30000036e0a02,,暂无简介
40,35c10000036c0a02,,暂无简介
40,35c0000002500a02,,暂无简介
40,35c0000003920a02,,暂无简介
40,35c20000036d0a02,,暂无简介
41,35c30000036e0a02,,暂无简介
41,35c10000036c0a02,,暂无简介
41,35c0000002500a02,,暂无简介
41,35c0000003920a02,,暂无简介
41,35c20000036d0a02,,暂无简介
42,35c30000036e0a02,,暂无简介
42,35c10000036c0a02,,暂无简介
42,35c0000002500a02,,暂无简介
42,35c0000003920a02,,暂无简介
42,35c20000036d0a02,,暂无简介
43,08010000025d0402,,暂无简介
43,0800010003820002,,暂无简介
43,0800010004150402,,暂无简介
43,08000200003f0402,,暂无简介
43,08000200036a0402,,暂无简介
43,0800020002600402,,暂无简介
43,08000100003e0402,,暂无简介
43,08000100025f0402,,暂无简介
43,0800010003690402,,暂无简介
43,0800030000400402,,暂无简介
43,08000300036b0402,,暂无简介
43,0800030002610402,,暂无简介
43,08020000025e0402,,暂无简介
43,0804000003770402,,暂无简介
43,08050200041b0402,,暂无简介
43,08050200038f0402,,暂无简介
43,08050100038e0402,,暂无简介
43,0805030003900402,,暂无简介
43,0803000003760402,,暂无简介
44,1f02000002560c02,,暂无简介
44,1f02000000280002,,暂无简介
44,1f00000002540c02,,暂无简介
44,1f000000000a0002,,暂无简介
44,1f01000002550c02,,暂无简介
44,1f01000000270002,,暂无简介
44,1f400000035e1002,,暂无简介
44,1f03000002570c02,,暂无简介
45,0017000002680102,,暂无简介
45,0005000000140002,,暂无简介
45,0006000000150002,,暂无简介
45,0013000002660102,,暂无简介
45,00090000000d0002,,暂无简介
45,0008000000030002,,暂无简介
45,0015000003670102,,暂无简介
45,0023000003680102,,暂无简介
45,00010000000c0002,,暂无简介
45,0000000000340102,,暂无简介
45,0000030003a60102,,暂无简介
45,00030102023e0302,,暂无简介
45,0002000000360102,,暂无简介
45,0002010003a70102,,暂无简介
45,00240000038d0002,,暂无简介
45,0004000002620102,,暂无简介
45,000a000000380102,,暂无简介
45,0014000002670102,,暂无简介
45,0007000002630102,,暂无简介
46,0005000000140002,,暂无简介
46,0005000000390102,,暂无简介
46,0005000003730102,,暂无简介
46,0009000002650102,,暂无简介
46,0000010000190002,,暂无简介
46,0001000000350102,,暂无简介
46,0000000000000002,,暂无简介
46,00000000003c0102,,暂无简介
46,00000000003d0102,,暂无简介
46,0000000003710102,,暂无简介
46,0002000003720102,,暂无简介
46,3740000103741402,,暂无简介
46,0014000002670102,,暂无简介
46,00070000001a0002,,暂无简介
47,3dc1000004230002,,暂无简介
47,3b40000003a30002,,暂无简介
47,32400000025b0002,,暂无简介
47,3240010003640002,,暂无简介
47,0005000000140002,,暂无简介
47,0006000000150002,,暂无简介
47,210b000003a50002,,暂无简介
47,0600000000120002,,暂无简介
47,1906000000240002,,暂无简介
47,2108000003880002,,暂无简介
47,3600000002590002,,暂无简介
47,3600010003620002,,暂无简介
47,21050000025a0002,,暂无简介
47,2105010003630002,,暂无简介
47,00130000037a0002,,暂无简介
47,0741000000200002,,暂无简介
47,05c3000003800002,,暂无简介
47,00090000000d0002,,暂无简介
47,0008000000030002,,暂无简介
47,0000010000190002,,暂无简介
47,07820000002f0002,,暂无简介
47,05810000001c0002,,暂无简介
47,0580000000050002,,暂无简介
47,01020100001b0002,,暂无简介
47,1b92000000250002,,暂无简介
47,3640000003a20002,,暂无简介
47,078f000003810002,,暂无简介
47,2101000000180002,,暂无简介
47,1bd7000003860002,,暂无简介
47,0800010003820002,,暂无简介
47,01810000037d0002,,暂无简介
47,1902000003830002,,暂无简介
47,1927000000260002,,暂无简介
47,3a00000003a10002,,暂无简介
47,33c0000004200002,,暂无简介
47,34c1000003890002,,暂无简介
47,1f02000000280002,,暂无简介
47,00c00000037b0002,,暂无简介
47,1f000000000a0002,,暂无简介
47,0100000000040002,,暂无简介
47,06c00000000f0002,,暂无简介
47,1ac0000000110002,,暂无简介
47,2281000002510002,,暂无简介
47,2102000000290002,,暂无简介
47,00010000000c0002,,暂无简介
47,0000000000000002,,暂无简介
47,21000000000b0002,,暂无简介
47,3480000000310002,,暂无简介
47,3480000002580002,,暂无简介
47,1f01000000270002,,暂无简介
47,19960000023d0002,,暂无简介
47,07c0000000210002,,暂无简介
47,07c0020000230002,,暂无简介
47,07c0010000220002,,暂无简介
47,0a400000041d0002,,暂无简介
47,07800000002d0002,,暂无简介
47,22420000041f0002,,暂无简介
47,22800000002c0002,,暂无简介
47,06400100001e0002,,暂无简介
47,3340000000320002,,暂无简介
47,07420000001f0002,,暂无简介
47,0002000000010002,,暂无简介
47,19ac000003850002,,暂无简介
47,1919000000090002,,暂无简介
47,00240000038d0002,,暂无简介
47,0740000000100002,,暂无简介
47,1d40000003870002,,暂无简介
47,22410000041e0002,,暂无简介
47,07810000002e0002,,暂无简介
47,0781000000330002,,暂无简介
47,37c10000038c0002,,暂无简介
47,05c20000037f0002,,暂无简介
47,21030000002a0002,,暂无简介
47,0004010000130002,,暂无简介
47,2104000002520002,,暂无简介
47,34c0000002530002,,暂无简介
47,05c0000000060002,,暂无简介
47,3601000004210002,,暂无简介
47,0101010000170002,,暂无简介
47,22400000002b0002,,暂无简介
47,37c00000038b0002,,暂无简介
47,37800000038a0002,,暂无简介
47,3200000000300002,,暂无简介
47,1907000003840002,,暂无简介
47,3dc0000004220002,,暂无简介
47,3c80000003a40002,,暂无简介
47,0100010000160002,,暂无简介
47,0180000000080002,,暂无简介
47,00070000001a0002,,暂无简介
47,0700000000070002,,暂无简介
47,05840000037e0002,,暂无简介
47,0003000000020002,,暂无简介
47,01000000037c0002,,暂无简介
47,01010000000e0002,,暂无简介
47,05c00100001d0002,,暂无简介
48,0003010200410302,,暂无简介
48,0005ff00023a0702,,暂无简介
48,0023000003680102,,暂无简介
48,0003010200430302,,暂无简介
48,0001000000350102,,暂无简介
48,0000000000000002,,暂无简介
48,0002000000360102,,暂无简介
48,0003010200420302,,暂无简介
48,00800102035d0302,,暂无简介
48,000a000000380102,,暂无简介
48,0003000000020002,,暂无简介
49,38460001042a1902,,暂无简介
49,3842000104261902,,暂无简介
49,3845000104291902,,暂无简介
49,3844000104281902,,暂无简介
49,3843000104271902,,暂无简介
49,3841000104251902,,暂无简介
49,3840000104241902,,暂无简介
50,3380000003781402,,暂无简介
51,0017000002680102,,暂无简介
51,0005000000140002,,暂无简介
51,0006000000150002,,暂无简介
51,00130000037a0002,,暂无简介
51,00090000000d0002,,暂无简介
51,0008000002640102,,暂无简介
51,0015000003670102,,暂无简介
51,0023000003680102,,暂无简介
51,00010000000c0002,,暂无简介
51,0000000000340102,,暂无简介
51,0002000000010002,,暂无简介
51,0003010200420302,,暂无简介
51,0004010000130002,,暂无简介
51,0014000002670102,,暂无简介
51,0007000002630102,,暂无简介
53,0192000002470502,,
53,0193000002480502,,
53,018b000002460502,,
53,018c000002430502,,
53,01810100023f0502,,
53,0182000002400502,,
53,01960000024e0502,,
53,01940000024a0502,,
53,01c1000002440502,,
53,0188000002410502,,
53,018a000002450502,,
53,018e000002490502,,
53,018d0000024c0502,,
53,01810000024b0502,,
53,01840000024d0502,,
53,0183000002420502,,
54,0282000101d60502,,
54,025f000101d70502,,
54,02ea000101d50502,,
55,0374010103190502,,
55,028f0101031a0502,,
55,04d30101031b0502,,
55,032e0101031c0502,,
55,02e00101031d0502,,
55,04a80101031e0502,,
56,0181000100440502,,
56,0183000100450502,,
56,0182010100460502,,
56,0187000100470502,,
56,0196000100480502,,
56,018e000100490502,,
56,01a30001004a0502,,
56,01850001004b0502,,
56,018c0001004c0502,,
56,01a40001004d0502,,
56,01910001004e0502,,
56,01a80001004f0502,,
56,01a6000100500502,,
56,01b5000100510502,,
56,01b0000100520502,,
56,01aa000100530502,,
56,01c1000100540502,,
56,025d000100550502,,
56,02d6000100560502,,
56,0216000100570502,,
56,02ef000100580502,,
56,04fe000100590502,,
56,02870001005a0502,,
56,05150001005b0502,,
56,03710001005c0502,,
56,04ba0001005d0502,,
56,02db0001005e0502,,
56,03450001005f0502,,
56,047a000100600502,,
56,049b000100610502,,
56,04ed000100620502,,
56,027d000100630502,,
56,0307000100640502,,
56,0261000100650502,,
56,0401000100660502,,
56,02c4000100670502,,
56,0266000100680502,,
56,02b1000100690502,,
56,02310001006a0502,,
56,03480001006b0502,,
56,03180001006c0502,,
56,03db0001006d0502,,
56,04650001006e0502,,
56,04000001006f0502,,
56,0429000100700502,,
56,03a9000100710502,,
56,02a4000100720502,,
56,0452000100730502,,
56,04a5000100740502,,
56,0263000100750502,,
56,0323000100760502,,
56,04ec000100770502,,
56,040d000100780502,,
56,030b000100790502,,
56,04970001007a0502,,
56,04fd0001007b0502,,
56,043d0001007c0502,,
56,02680001007d0502,,
56,02190001007e0502,,
56,04100001007f0502,,
56,021b000100800502,,
56,024f000100810502,,
56,04e6000100820502,,
56,0280000100830502,,
56,0235000100840502,,
56,035a000100850502,,
56,0384000100860502,,
56,03ae000100870502,,
56,040e000100880502,,
56,0394000100890502,,
56,03bc0001008a0502,,
56,03ee0001008b0502,,
56,046c0001008c0502,,
56,04800001008d0502,,
56,044c0001008e0502,,
56,033f0001008f0502,,
56,02fb000100900502,,
56,03a8000100910502,,
56,0479000100920502,,
56,03c6000100930502,,
56,04c7000100940502,,
56,0299000100950502,,
56,0208000100960502,,
56,02fa000100970502,,
56,0488000100980502,,
56,050b000100990502,,
56,04940001009a0502,,
56,03830001009b0502,,
56,02de0001009c0502,,
56,03290001009d0502,,
56,04d10001009e0502,,
56,034b0001009f0502,,
56,0393000100a00502,,
56,0200000100a10502,,
56,04dd000100a20502,,
56,04a6000100a30502,,
56,04cc000100a40502,,
56,0460000100a50502,,
56,0317000100a60502,,
56,02f0000100a70502,,
57,0182000100a80502,,
57,018a000100a90502,,
57,0194000100aa0502,,
57,0189000100ab0502,,
57,019d000100ac0502,,
57,019e000100ad0502,,
57,01b6000100ae0502,,
57,0186010100af0502,,
57,0195000100b00502,,
57,0198000100b10502,,
57,01b1000100b20502,,
57,018f000100b30502,,
57,0181010100b40502,,
57,01b3000100b50502,,
57,019b000100b60502,,
57,019a000100b70502,,
57,01ad000100b80502,,
57,027f000100b90502,,
57,026e000100ba0502,,
57,03c1000100bb0502,,
57,032d000100bc0502,,
57,023c000100bd0502,,
57,02dc000100be0502,,
57,0398000100bf0502,,
57,0464000100c00502,,
57,0251000100c10502,,
57,03d1000100c20502,,
57,026c000100c30502,,
57,02b2000100c40502,,
57,0344000100c50502,,
57,0309000100c60502,,
57,0283000100c70502,,
57,03a6000100c80502,,
57,035d000100c90502,,
57,0440000100ca0502,,
57,029b000100cb0502,,
57,02f2000100cc0502,,
57,02c9000100cd0502,,
57,04de000100ce0502,,
57,0450000100cf0502,,
57,03fa000100d00502,,
57,023e000100d10502,,
57,0260000100d20502,,
57,0369000100d30502,,
57,04a4000100d40502,,
57,0381000100d50502,,
57,0311000100d60502,,
57,050e000100d70502,,
57,0418000100d80502,,
57,0496000100d90502,,
57,021a000100da0502,,
57,04ce000100db0502,,
57,02c3000100dc0502,,
57,04b3000100dd0502,,
57,02eb000100de0502,,
57,0499000100df0502,,
57,041a000100e00502,,
57,04cf000100e10502,,
57,02d8000100e20502,,
57,028b000100e30502,,
57,0214000100e40502,,
57,03d2000100e50502,,
57,03aa000100e60502,,
57,0500000100e70502,,
57,04df000100e80502,,
57,026b000100e90502,,
57,02dd000100ea0502,,
57,0357000100eb0502,,
57,03e6000100ec0502,,
57,049d000100ed0502,,
57,029a000100ee0502,,
57,0489000100ef0502,,
57,03b1000100f00502,,
57,041b000100f10502,,
57,022d000100f20502,,
57,046d000100f30502,,
57,03ff000100f40502,,
57,047b000100f50502,,
57,0462000100f60502,,
57,04e0000100f70502,,
57,0310000100f80502,,
57,03bd000100f90502,,
57,033b000100fa0502,,
57,0416000100fb0502,,
57,0486000100fc0502,,
57,0220000100fd0502,,
57,0252000100fe0502,,
57,0270000100ff0502,,
57,033c000101000502,,
57,04c5000101010502,,
57,02f9000101020502,,
57,0202000101030502,,
57,0453000101040502,,
57,0437000101050502,,
57,0385000101060502,,
57,0510000101070502,,
57,0267000101080502,,
57,04e2000101090502,,
57,03250001010a0502,,
57,03720001010b0502,,
58,018d0001010c0502,,
58,01920001010d0502,,
58,01830101010e0502,,
58,01a00001010f0502,,
58,01a1000101100502,,
58,019f000101110502,,
58,0188000101120502,,
58,01b4000101130502,,
58,01a7000101140502,,
58,018b000101150502,,
58,0199000101160502,,
58,0185020101170502,,
58,018c010101180502,,
58,018f010101190502,,
58,01810201011a0502,,
58,01ae0001011b0502,,
58,01af0001011c0502,,
58,03380001011d0502,,
58,022f0001011e0502,,
58,02690001011f0502,,
58,0281000101200502,,
58,0313000101210502,,
58,02c7000101220502,,
58,021e000101230502,,
58,02a6000101240502,,
58,025e000101250502,,
58,024b000101260502,,
58,0392000101270502,,
58,0342000101280502,,
58,035c000101290502,,
58,03e70001012a0502,,
58,03c40001012b0502,,
58,03af0001012c0502,,
58,042a0001012d0502,,
58,047d0001012e0502,,
58,030e0001012f0502,,
58,02d7000101300502,,
58,0463000101310502,,
58,04e7000101320502,,
58,02da000101330502,,
58,0373000101340502,,
58,0356000101350502,,
58,02cb000101360502,,
58,0262000101370502,,
58,02f8000101380502,,
58,0326000101390502,,
58,033d0001013a0502,,
58,04ef0001013b0502,,
58,02210001013c0502,,
58,029e0001013d0502,,
58,028c0001013e0502,,
58,026d0001013f0502,,
58,049c000101400502,,
58,041c000101410502,,
58,050d000101420502,,
58,034a000101430502,,
58,0222000101440502,,
58,02f1000101450502,,
58,026a000101460502,,
58,03fc000101470502,,
58,032c000101480502,,
58,043e000101490502,,
58,04980001014a0502,,
58,04ee0001014b0502,,
58,04850001014c0502,,
58,03080001014d0502,,
58,049a0001014e0502,,
58,03a40001014f0502,,
58,040f000101500502,,
58,03da000101510502,,
58,04cd000101520502,,
58,0514000101530502,,
58,0265000101540502,,
58,043f000101550502,,
58,037e000101560502,,
58,03d6000101570502,,
58,03fd000101580502,,
58,040c000101590502,,
58,02ed0001015a0502,,
58,03a50001015b0502,,
58,03c50001015c0502,,
58,03700001015d0502,,
58,04510001015e0502,,
58,041e0001015f0502,,
58,04b9000101600502,,
58,0461000101610502,,
58,04ff000101620502,,
58,0478000101630502,,
58,0469000101640502,,
58,04e3000101650502,,
58,023f000101660502,,
58,04c6000101670502,,
58,04fa000101680502,,
58,027e000101690502,,
58,02010001016a0502,,
58,03820001016b0502,,
58,044b0001016c0502,,
58,030f0001016d0502,,
58,04a00001016e0502,,
58,04a10001016f0502,,
59,0181030101700502,,
59,0190000101710502,,
59,01a5000101720502,,
59,019c000101730502,,
59,0193000101740502,,
59,0186030101750502,,
59,01a9000101760502,,
59,0197000101770502,,
59,018e010101780502,,
59,0185040101790502,,
59,01c10101017a0502,,
59,01b10101017b0502,,
59,01ab0001017c0502,,
59,01a20001017d0502,,
59,01a80101017e0502,,
59,01ac0001017f0502,,
59,02ea000101800502,,
59,0282000101810502,,
59,0215000101820502,,
59,03ec000101830502,,
59,030d000101840502,,
59,0390000101850502,,
59,0272000101860502,,
59,0380000101870502,,
59,03ac000101880502,,
59,0324000101890502,,
59,041d0001018a0502,,
59,036b0001018b0502,,
59,02a50001018c0502,,
59,03490001018d0502,,
59,035e0001018e0502,,
59,02fc0001018f0502,,
59,026f000101900502,,
59,02df000101910502,,
59,0495000101920502,,
59,044d000101930502,,
59,0436000101940502,,
59,0511000101950502,,
59,04d0000101960502,,
59,046b000101970502,,
59,03be000101980502,,
59,02ee000101990502,,
59,02030001019a0502,,
59,02710001019b0502,,
59,02b80001019c0502,,
59,036a0001019d0502,,
59,028e0001019e0502,,
59,02090001019f0502,,
59,047c000101a00502,,
59,03a7000101a10502,,
59,033e000101a20502,,
59,03ed000101a30502,,
59,03fe000101a40502,,
59,03d9000101a50502,,
59,04a7000101a60502,,
59,04d2000101a70502,,
59,045f000101a80502,,
59,03b0000101a90502,,
59,037f000101aa0502,,
59,0411000101ab0502,,
59,0264000101ac0502,,
59,04e5000101ad0502,,
59,0454000101ae0502,,
59,042b000101af0502,,
59,0483000101b00502,,
59,0339000101b10502,,
59,03ad000101b20502,,
59,0217000101b30502,,
59,03d7000101b40502,,
59,023d000101b50502,,
59,04e4000101b60502,,
59,049e000101b70502,,
59,030c000101b80502,,
59,04b2000101b90502,,
59,02a2000101ba0502,,
59,0415000101bb0502,,
59,03bf000101bc0502,,
59,028d000101bd0502,,
59,04e1000101be0502,,
59,0487000101bf0502,,
59,0316000101c00502,,
59,050c000101c10502,,
59,0399000101c20502,,
59,0327000101c30502,,
59,02ec000101c40502,,
59,025f000101c50502,,
59,04fb000101c60502,,
59,030a000101c70502,,
59,02d9000101c80502,,
59,04a3000101c90502,,
59,02ca000101ca0502,,
59,043c000101cb0502,,
59,033a000101cc0502,,
59,021d000101cd0502,,
59,04e8000101ce0502,,
59,03fb000101cf0502,,
59,046a000101d00502,,
59,024a000101d10502,,
59,0230000101d20502,,
59,022e000101d30502,,
60,0183020103a80502,,
60,0184050103a90502,,
60,0181040103aa0502,,
60,0a00000103ab0502,,
60,0a01000103ac0502,,
60,0192000103ad0502,,
60,0193000103ae0502,,
60,0188000103af0502,,
60,0187000103b00502,,
60,0189010103b10502,,
60,0182000103b20502,,
60,0a02000103b30502,,
60,0a03000103b40502,,
60,0a04000103b50502,,
60,0194000103b60502,,
60,01a6000103b70502,,
60,0a05000103b80502,,
60,01a2000103b90502,,
60,0a06000103ba0502,,
60,01c1020103bb0502,,
60,0a07000103bc0502,,
60,0a08000103bd0502,,
60,0183030103be0502,,
60,0181050103bf0502,,
60,0a09000103c00502,,
60,0a0a000103c10502,,
60,0a0b000103c20502,,
60,0a0c000103c30502,,
60,0a0d000103c40502,,
60,0a0e000103c50502,,
60,0a0f000103c60502,,
60,0a10000103c70502,,
60,0a11000103c80502,,
60,0a12000103c90502,,
60,0a13000103ca0502,,
60,0a14000103cb0502,,
60,0a15000103cc0502,,
60,0a16000103cd0502,,
60,0a17000103ce0502,,
60,0a18000103cf0502,,
60,0a19000103d00502,,
60,0a1a000103d10502,,
60,0a1b000103d20502,,
60,0a1c000103d30502,,
60,0a1d000103d40502,,
60,0a1e000103d50502,,
60,0a1f000103d60502,,
60,0a20000103d70502,,
61,0181000101d40502,,
61,0182000101d80502,,
62,0513000102e70502,,
62,04a2000102e80502,,
62,028a000102e90502,,
62,0232000102ea0502,,
62,0328000102eb0502,,
62,04b6000102ec0502,,
62,04c8000102ed0502,,
62,04fc000102ee0502,,
62,0343000102ef0502,,
62,04eb000102f00502,,
62,0481000102f10502,,
62,0468000102f20502,,
62,03d3000102f30502,,
62,0314000102f40502,,
62,03e8000102f50502,,
62,024d000102f60502,,
62,021c000102f70502,,
62,0238000102f80502,,
62,02f3000102f90502,,
62,0358000102fa0502,,
62,036e000102fb0502,,
62,0395000102fc0502,,
62,0482000102fd0502,,
62,0284000102fe0502,,
62,02a3000102ff0502,,
62,0438000103000502,,
62,049f000103010502,,
62,0347000103020502,,
62,043b000103030502,,
62,036d000103040502,,
62,02f4000103050502,,
62,0233000103060502,,
62,032a000103070502,,
62,02c5000103080502,,
62,0312000103090502,,
62,04140001030a0502,,
62,03ea0001030b0502,,
62,04b40001030c0502,,
62,04c90001030d0502,,
62,03410001030e0502,,
62,02b70001030f0502,,
62,03c0000103100502,,
62,0439000103110502,,
62,0206000103120502,,
62,0286000103130502,,
62,050f000103140502,,
62,044e000103150502,,
62,03ab000103160502,,
62,021f000103170502,,
62,04ea000103180502,,
